year,nace_code,n_obs,n_firms,total_turnover,avg_turnover_per_firm,total_employees,avg_employees_per_firm,mean_productivity
2023,C10,3492,291,175081410.52198738,601654.3316906783,69910,240.2405498281787,2643.8075712879245
2023,C29,2796,233,138395489.38358867,593972.0574402948,56253,241.42918454935622,2600.012035689461
2023,G47,2688,224,131359699.64312033,586427.2305496443,54064,241.35714285714286,2558.01093886916
2023,H49,3096,258,157200225.67390427,609303.2002864507,61890,239.88372093023256,2685.0806097285904
2023,I55,2832,236,141216677.74675998,598375.7531642372,56447,239.1822033898305,2663.42318633876
2023,I56,3096,258,153140874.2211862,593569.2799270783,62004,240.32558139534885,2606.3850394046126
