year,nace_code,n_obs,n_firms,total_turnover,avg_turnover_per_firm,total_employees,avg_employees_per_firm,mean_productivity
2023,C10,3492,291,175081410.52198738,601654.3316906783,70274,241.4914089347079,2634.4375335559603
2023,C29,2796,233,138395489.38358867,593972.0574402948,56196,241.1845493562232,2620.364497366182
2023,G47,2688,224,131359699.64312033,586427.2305496443,61725,275.5580357142857,2282.5381321985296
2023,H49,3096,258,157200225.67390427,609303.2002864507,63502,246.13178294573643,2618.8963696086817
2023,I55,2832,236,141216677.74675998,598375.7531642372,65461,277.3771186440678,2586.09549376637
2023,I56,3096,258,153140874.2211862,593569.2799270783,65150,252.51937984496124,2525.3023739111322
